"","SD"
"merge.rmdup.B1190023.1",0.266924692744938
"merge.rmdup.B1190079.1",0.227231143092059
"merge.rmdup.B1190189.2",0.261896924090337
"merge.rmdup.B1190302.1",0.279168719905947
"merge.rmdup.B1190315.2",0.243857434900088
"merge.rmdup.B1190356.1",0.240623708954633
"merge.rmdup.B1190361.1",0.288912451261302
"merge.rmdup.B1190400.1",0.282075599586681
"merge.rmdup.B1190429.1",0.249075449794225
"merge.rmdup.B1190468.1",0.350232048112167
"merge.rmdup.B1190484.1",0.264280065147358
"merge.rmdup.B1190522.1",0.259184975822336
"merge.rmdup.B1190563.1",0.239991360520705
"merge.rmdup.B1190598.1",0.315116263730313
"merge.rmdup.B1190653.1",0.260186416688779
"merge.rmdup.B1190729.1",0.246323400519257
"merge.rmdup.B1190806.1",0.267949509263679
"merge.rmdup.WATDE0001",0.266287734129821
"merge.rmdup.WATDE0002",0.271561180508123
"merge.rmdup.WATDE0004",0.255576809249043
"merge.rmdup.WATDE0005",0.262311105732812
"merge.rmdup.WATDE0006",0.256576473020253
"merge.rmdup.WATDE0007",0.242682708218191
"merge.rmdup.WATDE0008",0.252444728803989
"merge.rmdup.WATDE0009",0.752911416731647
"merge.rmdup.WATDE0011",0.246074769963038
"merge.rmdup.WATDE0012",0.267492203152271
"merge.rmdup.WATDE0013",0.254149232678387
"merge.rmdup.WATDE0014",0.253332649612182
"merge.rmdup.WATDE0015",0.248589999530738
"merge.rmdup.WATDE0016",0.270215738090811
"merge.rmdup.WATDE0017",0.258723322433535
"merge.rmdup.WATDE0018",0.260032568057944
"merge.rmdup.WATDE0019",0.241680846686531
"merge.rmdup.WATDE0020",0.27787548828669
"merge.rmdup.WATDE0021",0.254926806855991
"merge.rmdup.WATDE0022",0.259575816180053
"merge.rmdup.WATDE0023",0.280829541941407
"merge.rmdup.WATDE0024",0.258902681693552
"merge.rmdup.WATDE0025",0.266066481321772
"merge.rmdup.WATDE0026",0.282658600062598
"merge.rmdup.WATDE0027",0.26181772859284
"merge.rmdup.WATDE0028",0.287636880323727
"merge.rmdup.WATDE0029",0.232163652327405
"merge.rmdup.WATDE0030",0.252336410957607
"merge.rmdup.WATDE0031",0.275323521567679
"merge.rmdup.WATDE0032",0.247728764399311
"merge.rmdup.WATDE0033",0.271187641149702
"merge.rmdup.WATDE0034",0.261380592915788
"merge.rmdup.WATDE0035",0.273168691390987
"merge.rmdup.WATDE0036",0.288169537979544
"merge.rmdup.WATDE0037",0.274571496139944
"merge.rmdup.WATDE0038",0.268593915806983
"merge.rmdup.WATDE0039",1.07930039334077
"merge.rmdup.WATDE0040",0.273882054516969
"merge.rmdup.WATDE0041",0.235537168643702
"merge.rmdup.WATDE0042",0.283495199858332
"merge.rmdup.WATDE0043",0.324335873024719
"merge.rmdup.WATDE0044",0.31232286839376
"merge.rmdup.WATDE0045",0.306058414978861
"merge.rmdup.WATDE0046",0.270397772154763
"merge.rmdup.WATDE0047",0.272418115890709
"merge.rmdup.WATDE0048",0.262388834669734
"merge.rmdup.WATDE0049",0.249302594995211
"merge.rmdup.WATDE0050",0.240448948104766
"merge.rmdup.WATDE0051",0.268682296092505
"merge.rmdup.WATDE0052",0.276101010456051
"merge.rmdup.WATDE0053",0.281120488827901
"merge.rmdup.WATDE0054",0.269439190897604
"merge.rmdup.WATDE0055",0.252064765323975
"merge.rmdup.WATDE0056",0.513475332277701
"merge.rmdup.WATDE0057",0.391333428152292
"merge.rmdup.WATDE0058",0.22662235152736
"merge.rmdup.WATDE0059",0.303315689829804
"merge.rmdup.WATDE0060",0.517337676482585
"merge.rmdup.WATDE0062",0.352718701670557
"merge.rmdup.WATDE0063",0.280292774998636
"merge.rmdup.WATDE0064",0.240622409080146
"merge.rmdup.WATDE0065",0.354156178486173
"merge.rmdup.WATDE0066",0.232661285238825
"merge.rmdup.WATDE0067",0.2481670814998
"merge.rmdup.WATDE0068",0.267403149683989
"merge.rmdup.WATDE0069",0.284377029344628
"merge.rmdup.WATDE0070",0.249558350352116
"merge.rmdup.WATDE0071",0.281126556195027
"merge.rmdup.WATDE0072",0.346888465347784
"merge.rmdup.WATDE0073",0.262904864298961
"merge.rmdup.WATDE0074",0.261121739445441
"merge.rmdup.WATDE0075",0.263414233473016
"merge.rmdup.WATDE0076",0.270273922546425
"merge.rmdup.WATDE0077",0.2653210681501
"merge.rmdup.WATDE0078",0.260011729491137
"merge.rmdup.WATDE0079",0.311174827114467
"merge.rmdup.WATDE0080",0.28229011436149
"merge.rmdup.WATDE0081",0.267688778520321
"merge.rmdup.WATDE0082",0.273900955483791
"merge.rmdup.WATDE0083",0.248079334716841
"merge.rmdup.WATDE0084",0.296026843476348
"merge.rmdup.WATDE0085",0.270113718549998
"merge.rmdup.WATDE0086",0.24528530907312
"merge.rmdup.WATDE0087",0.258968241369483
"merge.rmdup.WATDE0088",0.271874042360558
"merge.rmdup.WATDE0089",0.241535590253279
"merge.rmdup.WATDE0090",0.495635175192252
"merge.rmdup.WATDE0091",0.221197954698737
"merge.rmdup.WATDE0092",0.228016893450948
"merge.rmdup.WATDE0093",0.26982262538968
"merge.rmdup.WATDE0094",0.294767450517041
"merge.rmdup.WATDE0095",0.326688082315156
"merge.rmdup.WATDE0096",0.293183152118443
"merge.rmdup.WATDE0097",0.293249070286892
"merge.rmdup.WATDE0098",0.271554228028077
"merge.rmdup.WATDE0099",0.277154397096089
"merge.rmdup.WATDE0101",0.278555020934287
"merge.rmdup.WATDE0102",0.294312414494208
"merge.rmdup.WATDE0103",0.279639269179253
"merge.rmdup.WATDE0104",0.257568400874055
"merge.rmdup.WATDE0105",0.273687145026846
"merge.rmdup.WATDE0106",0.254195785296923
"merge.rmdup.WATDE0107",0.264872808903291
"merge.rmdup.WATDE0108",0.308948264022226
"merge.rmdup.WATDE0109",0.324801173671143
"merge.rmdup.WATDE0110",0.247709818682929
"merge.rmdup.WATDE0111",0.249134620553135
"merge.rmdup.WATDE0112",0.272927951488776
"merge.rmdup.WATDE0113",0.257201773426883
"merge.rmdup.WATDE0114",0.376802167254826
"merge.rmdup.WATDE0115",0.302317066229392
"merge.rmdup.WATDE0116",0.263499694630551
"merge.rmdup.WATDE0117",0.352622350798721
"merge.rmdup.WATDE0118",0.289179647054386
"merge.rmdup.WATDE0119",0.364304804372513
"merge.rmdup.WATDE0120",0.258308180730988
"merge.rmdup.WATDE0121",0.264980878970536
"merge.rmdup.WATDE0122",0.258142267630766
"merge.rmdup.WATDE0123",0.261822692416488
"merge.rmdup.WATDE0124",0.2836061889456
"merge.rmdup.WATDE0126",0.248537357677401
"merge.rmdup.WATDE0127",0.257699150510469
"merge.rmdup.WATDE0129",0.272802192385147
"merge.rmdup.WATDE0131",0.264472491412349
"merge.rmdup.WATDE0133",0.24074446379189
"merge.rmdup.WATDE0134",0.276984175771567
"merge.rmdup.WATDE0136",0.270982796354028
"merge.rmdup.WATDE0138",0.264886323647076
"merge.rmdup.WATDE0140",0.254501572095741
"merge.rmdup.WATDE0141",0.248136731198907
"merge.rmdup.WATDE0143",0.263651077169739
"merge.rmdup.WATDE0144",0.311727957976681
"merge.rmdup.WATDE0145",0.275983380476792
"merge.rmdup.WATDE0146",0.274389142837787
"merge.rmdup.WATDE0148",0.251081635084205
"merge.rmdup.WATDE0149",0.277428782713844
"merge.rmdup.WATDE0150",0.250872744701739
"merge.rmdup.WATDE0152",0.252972636649751
"merge.rmdup.WATDE0153",0.257781760451283
"merge.rmdup.WATDE0154",0.234974844990996
"merge.rmdup.WATDE0156",0.266832319513822
"merge.rmdup.WATDE0157",0.25775622736601
"merge.rmdup.WATDE0158",0.246029179404485
"merge.rmdup.WATDE0159",0.278479793324672
"merge.rmdup.WATDE0160",0.251083985201116
"merge.rmdup.WATDE0162",0.245286912783712
"merge.rmdup.WATDE0164",0.266405092696648
"merge.rmdup.WATDE0165",0.255794985029176
"merge.rmdup.WATDE0168",0.257107270882387
"merge.rmdup.WATDE0169",0.239390587296058
"merge.rmdup.WATDE0171",0.257598837700434
"merge.rmdup.WATDE0173",0.279736559223483
"merge.rmdup.WATDE0174",0.266826995930509
"merge.rmdup.WATDE0175",0.232041576124774
"merge.rmdup.WATDE0176",0.267399010555343
"merge.rmdup.WATDE0177",0.265369222367646
"merge.rmdup.WATDE0178",0.270249307184851
"merge.rmdup.WATDE0180",0.269356029264601
"merge.rmdup.WATDE0181",0.263869623092724
"merge.rmdup.WATDE0182",0.29865671307238
"merge.rmdup.WATDE0183",0.287432385031136
"merge.rmdup.WATDE0184",0.255519683010396
"merge.rmdup.WATDE0185",0.281070154716605
"merge.rmdup.WATDE0187",0.261204862391587
"merge.rmdup.WATDE0188",0.239247470925899
"merge.rmdup.WATDE0190",0.273388658051427
"merge.rmdup.WATDE0191",0.24730548750786
"merge.rmdup.WATDE0192",0.256369195725972
"merge.rmdup.WATDE0194",0.291218221515602
"merge.rmdup.WATDE0195",0.271998884925631
"merge.rmdup.WATDE0196",0.256503921667203
"merge.rmdup.WATDE0198",0.238713006604375
"merge.rmdup.WATDE0199",0.28803134141861
"merge.rmdup.WATDE0200",0.258368600235768
"merge.rmdup.WATDE0203",0.249336050766937
"merge.rmdup.WATDE0204",0.278319915338409
"merge.rmdup.WATDE0205",0.261392379880561
"merge.rmdup.WATDE0206",0.26906841053931
"merge.rmdup.WATDE0207",0.256424146726584
"merge.rmdup.WATDE0209",0.265228489193771
"merge.rmdup.WATDE0211",0.265034439091279
"merge.rmdup.WATDE0212",0.245378905558076
"merge.rmdup.WATDE0214",0.205530925226658
"merge.rmdup.WATDE0215",0.272364874604854
"merge.rmdup.WATDE0216",0.271045202591933
"merge.rmdup.WATDE0217",0.26516645409115
"merge.rmdup.WATDE0219",0.224961613934153
"merge.rmdup.WATDE0220",0.244186618629045
"merge.rmdup.WATDE0221",0.261211429471696
"merge.rmdup.WATDE0222",0.268520141778298
"merge.rmdup.WATDE0223",0.262023109744577
"merge.rmdup.WATDE0224",0.23666027484573
"merge.rmdup.WATDE0225",0.264503171326793
"merge.rmdup.WATDE0227",0.247742512088795
"merge.rmdup.WATDE0228",0.271124560115803
"merge.rmdup.WATDE0229",0.244369652161917
"merge.rmdup.WATDE0230",0.27156697900288
"merge.rmdup.WATDE0232",0.241092042481367
"merge.rmdup.WATDE0233",0.275769802055593
"merge.rmdup.WATDE0234",0.248700687993857
"merge.rmdup.WATDE0235",0.230504501830372
"merge.rmdup.WATDE0236",0.239256418304134
"merge.rmdup.WATDE0237",0.249166453509542
"merge.rmdup.WATDE0238",0.25000865128879
"merge.rmdup.WATDE0239",0.243122913467826
"merge.rmdup.WATDE0241",0.272890234527761
"merge.rmdup.WATDE0242",0.272111222131548
"merge.rmdup.WATDE0243",0.255557194687366
"merge.rmdup.WATDE0244",0.236087533975886
"merge.rmdup.WATDE0246",0.256918072687486
"merge.rmdup.WATDE0247",0.24062617891299
"merge.rmdup.WATDE0248",0.256676179510678
"merge.rmdup.WATDE0249",0.26558855938867
"merge.rmdup.WATDE0250",0.274793123973782
"merge.rmdup.WATDE0252",0.254823186941613
"merge.rmdup.WATDE0253",0.258656686709004
"merge.rmdup.WATDE0254",0.269525900874114
"merge.rmdup.WATDE0255",0.253370542705819
"merge.rmdup.WATDE0257",0.257150841821988
"merge.rmdup.WATDE0258",0.270969428065963
"merge.rmdup.WATDE0259",0.257250425324276
"merge.rmdup.WATDE0260",0.248865638157051
"merge.rmdup.WATDE0262",0.253104075465117
"merge.rmdup.WATDE0263",0.250083507258564
"merge.rmdup.WATDE0264",0.270568654937207
"merge.rmdup.WATDE0266",0.268873276218063
"merge.rmdup.WATDE0268",0.251835149061783
"merge.rmdup.WATDE0270",0.264447102349094
"merge.rmdup.WATDE0271",0.24053487453824
"merge.rmdup.WATDE0272",0.263749773090301
"merge.rmdup.WATDE0273",0.240073524585874
"merge.rmdup.WATDE0275",0.24373405317784
"merge.rmdup.WATDE0276",0.264494545952285
"merge.rmdup.WATDE0277",0.23329913661988
"merge.rmdup.WATDE0278",0.414771455317923
"merge.rmdup.WATDE0280",0.230290954563412
"merge.rmdup.WATDE0281",0.241105495469588
"merge.rmdup.WATDE0282",0.263994489069418
"merge.rmdup.WATDE0284",0.240834798271934
"merge.rmdup.WATDE0285",0.260812923291469
"merge.rmdup.WATDE0286",0.265233076756353
"merge.rmdup.WATDE0287",0.240883435854316
"merge.rmdup.WATDE0288",0.264392877298088
"merge.rmdup.WATDE0290",0.280863688343327
"merge.rmdup.WATDE0291",0.237535240389811
"merge.rmdup.WATDE0293",0.309179717229029
"merge.rmdup.WATDE0294",0.262577715860203
"merge.rmdup.WATDE0296",0.252168998537198
"merge.rmdup.WATDE0298",0.263779064662898
"merge.rmdup.WATDE0299",0.237280845016286
"merge.rmdup.WATDE0301",0.245140917431613
"merge.rmdup.WATDE0302",0.249905756952797
"merge.rmdup.WATDE0303",0.235321094103021
"merge.rmdup.WATDE0304",0.234634452218703
"merge.rmdup.WATDE0305",0.405943563741699
"merge.rmdup.WATDE0306",0.252491277781727
"merge.rmdup.WATDE0308",0.279011717051474
"merge.rmdup.WATDE0310",0.251495629010133
"merge.rmdup.WATDE0312",0.284813308621895
"merge.rmdup.WATDE0313",0.231528853949846
"merge.rmdup.WATDE0315",0.244951119563774
"merge.rmdup.WATDE0316",0.244589908273609
"merge.rmdup.WATDE0317",0.236113205455172
"merge.rmdup.WATDE0318",0.254705758716108
"merge.rmdup.WATDE0319",0.251950669991149
"merge.rmdup.WATDE0321",0.24057021517923
"merge.rmdup.WATDE0323",0.234661358115369
"merge.rmdup.WATDE0324",0.242260271206741
"merge.rmdup.WATDE0325",0.253027007076358
"merge.rmdup.WATDE0328",0.235359753056534
"merge.rmdup.WATDE0329",0.239874165199868
"merge.rmdup.WATDE0331",0.246531956668594
"merge.rmdup.WATDE0332",0.28760066089105
"merge.rmdup.WATDE0333",0.298803077448183
"merge.rmdup.WATDE0334",0.299958226027288
"merge.rmdup.WATDE0335",0.249884292872189
"merge.rmdup.WATDE0336",0.28404401705119
"merge.rmdup.WATDE0337",0.245150277394961
"merge.rmdup.WATDE0340",0.259174736267553
"merge.rmdup.WATDE0342",0.254828158072133
"merge.rmdup.WATDE0343",0.244223394340246
"merge.rmdup.WATDE0344",0.262617692638113
"merge.rmdup.WATDE0345",0.230397656928076
"merge.rmdup.WATDE0346",0.252220897562581
"merge.rmdup.WATDE0347",0.236038580850719
"merge.rmdup.WATDE0348",0.230942807523167
"merge.rmdup.WATDE0350",0.235725362394819
"merge.rmdup.WATDE0352",0.22720188611144
"merge.rmdup.WATDE0353",0.214183174823111
"merge.rmdup.WATDE0354",0.223131669883517
"merge.rmdup.WATDE0355",0.29925603423497
"merge.rmdup.WATDE0356",0.25203190380522
"merge.rmdup.WATDE0358",0.23495948279061
"merge.rmdup.WATDE0359",0.256595467834621
"merge.rmdup.WATDE0361",0.237038832138652
"merge.rmdup.WATDE0363",0.220986957446688
"merge.rmdup.WATDE0365",0.227017116025256
"merge.rmdup.WATDE0366",0.272330109748234
"merge.rmdup.WATDE0368",0.258353022382939
"merge.rmdup.WATDE0369",0.288386458192608
"merge.rmdup.WATDE0370",0.225136242943507
"merge.rmdup.WATDE0371",0.226283796668281
"merge.rmdup.WATDE0372",0.272531114752277
"merge.rmdup.WATDE0373",0.248401603157455
"merge.rmdup.WATDE0374",0.25854370845695
"merge.rmdup.WATDE0375",0.269709274988736
"merge.rmdup.WATDE0377",0.309986945903392
"merge.rmdup.WATDE0378",0.239565502784092
"merge.rmdup.WATDE0379",0.249856996617938
"merge.rmdup.WATDE0381",0.26517923606157
"merge.rmdup.WATDE0382",0.254105919697236
"merge.rmdup.WATDE0383",0.233652159578316
"merge.rmdup.WATDE0385",0.242422072087332
"merge.rmdup.WATDE0386",0.263198318593196
"merge.rmdup.WATDE0387",0.239130585198834
"merge.rmdup.WATDE0389",0.252219924773015
"merge.rmdup.WATDE0391",0.241471316296672
"merge.rmdup.WATDE0392",0.248219813149207
"merge.rmdup.WATDE0394",0.281466518817935
"merge.rmdup.WATDE0396",0.246462599106327
"merge.rmdup.WATDE0397",0.267582706765042
"merge.rmdup.WATDE0399",0.223185795596351
"merge.rmdup.WATDE0401",0.288771084780651
"merge.rmdup.WATDE0403",0.263347666027882
"merge.rmdup.WATDE0404",0.236944106742959
"merge.rmdup.WATDE0405",0.271448201969214
"merge.rmdup.WATDE0407",0.220302062955895
"merge.rmdup.WATDE0408",0.234877143504289
"merge.rmdup.WATDE0409",0.230450978192572
"merge.rmdup.WATDE0410",0.216128622282922
"merge.rmdup.WATDE0411",0.308706017794613
"merge.rmdup.WATDE0412",0.253081350251835
"merge.rmdup.WATDE0413",0.246183057503159
"merge.rmdup.WATDE0415",0.243624033895869
"merge.rmdup.WATDE0417",0.242814018568252
"merge.rmdup.WATDE0419",0.228963309070225
"merge.rmdup.WATDE0420",0.26218554713196
"merge.rmdup.WATDE0421",0.270572919640652
"merge.rmdup.WATDE0423",0.268386725851681
"merge.rmdup.WATDE0424",0.282374898285638
"merge.rmdup.WATDE0425",0.270964861856529
"merge.rmdup.WATDE0426",0.257865132829964
"merge.rmdup.WATDE0427",0.251973583998961
"merge.rmdup.WATDE0428",0.259747197782847
"merge.rmdup.WATDE0429",0.245024823976491
"merge.rmdup.WATDE0430",0.258359032482309
"merge.rmdup.WATDE0431",0.251278985526979
"merge.rmdup.WATDE0432",0.239809180326943
"merge.rmdup.WATDE0433",0.283563770920074
"merge.rmdup.WATDE0434",0.345943225817957
"merge.rmdup.WATDE0435",0.255651405980082
"merge.rmdup.WATDE0436",0.317504832799198
"merge.rmdup.WATDE0438",0.336822690761744
"merge.rmdup.WATDE0439",0.335475412928641
"merge.rmdup.WATDE0440",0.32892001726389
"merge.rmdup.WATDE0441",0.336138714136312
"merge.rmdup.WATDE0442",0.321933388194961
"merge.rmdup.WATDE0443",0.322461870532395
"merge.rmdup.WATDE0444",0.29791908069784
"merge.rmdup.WATDE0445",0.28918776705938
"merge.rmdup.WATDE0446",0.305682743351796
"merge.rmdup.WATDE0448",0.311263976292032
"merge.rmdup.WATDE0449",0.319154483019595
"merge.rmdup.WATDE0450",0.262084643260576
"merge.rmdup.WATDE0451",0.257915297419299
"merge.rmdup.WATDE0452",0.303546723829667
"merge.rmdup.WATDE0453",0.330279883182221
"merge.rmdup.WATDE0454",0.311244062015592
"merge.rmdup.WATDE0455",0.256106173200181
"merge.rmdup.WATDE0456",0.291768596019535
"merge.rmdup.WATDE0457",0.24908967331922
"merge.rmdup.WATDE0460",0.423408477273449
"merge.rmdup.WATDE0461",0.265163249693485
"merge.rmdup.WATDE0462",0.282357767363591
"merge.rmdup.WATDE0463",0.30047221921139
"merge.rmdup.WATDE0465",0.323092289919977
"merge.rmdup.WATDE0467",0.284588700907762
"merge.rmdup.WATDE0469",0.289853359580258
"merge.rmdup.WATDE0471",0.315093149845947
"merge.rmdup.WATDE0474",0.336729802585693
"merge.rmdup.WATDE0477",0.26284621734773
"merge.rmdup.WATDE0479",0.263437265625043
"merge.rmdup.WATDE0481",0.381445097500814
"merge.rmdup.WATDE0482",0.31998189820083
"merge.rmdup.WATDE0484",0.312257565694723
"merge.rmdup.WATDE0486",0.250703149765007
"merge.rmdup.WATDE0487",0.302539446242434
"merge.rmdup.WATDE0488",0.310303971789966
"merge.rmdup.WATDE0489",0.343741037911093
"merge.rmdup.WATDE0490",0.354218634477936
"merge.rmdup.WATDE0492",0.328434057041211
"merge.rmdup.WATDE0494",0.29826208760266
"merge.rmdup.WATDE0496",0.316381246563255
"merge.rmdup.WATDE0498",0.290995367470227
"merge.rmdup.WATDE0500",0.310464894893213
"merge.rmdup.WATDE0501",0.278827460146008
"merge.rmdup.WATDE0502",0.30858147896025
"merge.rmdup.WATDE0503",0.34154806046723
"merge.rmdup.WATDE0504",0.288742762011127
"merge.rmdup.WATDE0505",0.313668910865502
"merge.rmdup.WATDE0507",0.328350843390128
"merge.rmdup.WATDE0509",0.280211665387154
"merge.rmdup.WATDE0510",0.276574498850239
"merge.rmdup.WATDE0511",0.305123552657742
"merge.rmdup.WATDE0512",0.328498302596906
"merge.rmdup.WATDE0513",0.319643064655995
"merge.rmdup.WATDE0515",0.329784182875696
"merge.rmdup.WATDE0516",0.311543998713046
"merge.rmdup.WATDE0518",0.261834166362864
"merge.rmdup.WATDE0519",0.271674300313423
"merge.rmdup.WATDE0520",0.306662629425487
"merge.rmdup.WATDE0521",0.269949784384713
"merge.rmdup.WATDE0522",0.311420718231937
"merge.rmdup.WATDE0524",0.329547599102833
"merge.rmdup.WATDE0527",0.293881885685099
"merge.rmdup.WATDE0529",0.300635777965067
"merge.rmdup.WATDE0531",0.402024820670793
"merge.rmdup.WATDE0533",0.312395063000091
"merge.rmdup.WATDE0534",0.260586329870549
"merge.rmdup.WATDE0536",0.312183826929919
"merge.rmdup.WATDE0537",0.323823076113749
"merge.rmdup.WATDE0538",0.302184332752161
"merge.rmdup.WATDE0539",0.329890168227609
"merge.rmdup.WATDE0540",0.337392993095922
"merge.rmdup.WATDE0541",0.306476746187115
"merge.rmdup.WATDE0542",0.24898542045255
"merge.rmdup.WATDE0543",0.34597606805555
"merge.rmdup.WATDE0544",0.323561160651772
"merge.rmdup.WATDE0546",0.321314988581746
"merge.rmdup.WATDE0547",0.294761454805598
"merge.rmdup.WATDE0549",0.265436877822097
"merge.rmdup.WATDE0550",0.229775442061547
"merge.rmdup.WATDE0552",0.31645900557075
"merge.rmdup.WATDE0553",0.327453478049354
"merge.rmdup.WATDE0555",0.305489538710519
"merge.rmdup.WATDE0556",0.291116778336205
"merge.rmdup.WATDE0557",0.264303973155635
"merge.rmdup.WATDE0558",0.257106088212819
"merge.rmdup.WATDE0560",0.314151013957971
"merge.rmdup.WATDE0561",0.327381426987601
"merge.rmdup.WATDE0562",0.307503903299748
"merge.rmdup.WATDE0563",0.335967144193824
"merge.rmdup.WATDE0565",0.27977217339696
"merge.rmdup.WATDE0566",0.313814011874563
"merge.rmdup.WATDE0567",0.285372750041536
"merge.rmdup.WATDE0568",0.327558691003964
"merge.rmdup.WATDE0569",0.352013372804503
"merge.rmdup.WATDE0570",0.353309163448184
"merge.rmdup.WATDE0571",0.238145064217822
"merge.rmdup.WATDE0572",0.330558338595591
"merge.rmdup.WATDE0574",0.282170528680935
"merge.rmdup.WATDE0577",0.262629964165524
"merge.rmdup.WATDE0578",0.304656918513917
"merge.rmdup.WATDE0579",0.261453858479864
"merge.rmdup.WATDE0581",0.298747624648143
"merge.rmdup.WATDE0582",0.236935009535819
"merge.rmdup.WATDE0585",0.271177399416305
"merge.rmdup.WATDE0586",0.314230815320555
"merge.rmdup.WATDE0588",0.289673287420648
"merge.rmdup.WATDE0589",0.317940286018877
"merge.rmdup.WATDE0591",0.349106634624018
"merge.rmdup.WATDE0592",0.273309863665015
"merge.rmdup.WATDE0594",0.249165480198715
"merge.rmdup.WATDE0596",0.268515176716952
"merge.rmdup.WATDE0597",0.360042779942526
"merge.rmdup.WATDE0598",0.295112089650394
"merge.rmdup.WATDE0599",0.330183183932488
"merge.rmdup.WATDE0600",0.330432623529453
"merge.rmdup.WATDE0601",0.264632338608414
"merge.rmdup.WATDE0602",0.30744149613355
"merge.rmdup.WATDE0603",0.303002898519204
"merge.rmdup.WATDE0604",0.280752094785025
"merge.rmdup.WATDE0606",0.337257583697727
"merge.rmdup.WATDE0608",0.319026801621779
"merge.rmdup.WATDE0609",0.258074827627771
"merge.rmdup.WATDE0610",0.308831571251212
"merge.rmdup.WATDE0611",0.254099877716505
"merge.rmdup.WATDE0613",0.2730800335258
"merge.rmdup.WATDE0614",0.307836828938809
"merge.rmdup.WATDE0615",0.39236711892757
"merge.rmdup.WATDE0616",0.398010085153578
"merge.rmdup.WATDE0617",0.276995545863796
"merge.rmdup.WATDE0618",0.379093827587272
"merge.rmdup.WATDE0620",0.35384678468762
"merge.rmdup.WATDE0622",0.338248499569928
"merge.rmdup.WATDE0624",0.331879355175411
"merge.rmdup.WATDE0626",0.383377096335128
"merge.rmdup.WATDE0627",0.400064142660153
"merge.rmdup.WATDE0628",0.398545066847206
"merge.rmdup.WATDE0630",0.341790605879334
"merge.rmdup.WATDE0631",0.25512636503809
"merge.rmdup.WATDE0632",0.311968845790296
"merge.rmdup.WATDE0634",0.277158861248645
"merge.rmdup.WATDE0635",0.28610020300023
"merge.rmdup.WATDE0636",0.309256480983045
"merge.rmdup.WATDE0638",0.378441042736472
"merge.rmdup.WATDE0639",0.263475233628732
"merge.rmdup.WATDE0640",0.362413969825525
"merge.rmdup.WATDE0641",0.361162388546423
"merge.rmdup.WATDE0643",0.28061458726908
"merge.rmdup.WATDE0644",0.389743215697091
"merge.rmdup.WATDE0646",0.257274948434405
"merge.rmdup.WATDE0648",0.335040153745089
"merge.rmdup.WATDE0649",0.353934473003981
"merge.rmdup.WATDE0650",0.329081166337479
"merge.rmdup.WATDE0651",0.27161992974766
"merge.rmdup.WATDE0652",0.381057452705449
"merge.rmdup.WATDE0653",0.266278583685588
"merge.rmdup.WATDE0655",0.362036695993883
"merge.rmdup.WATDE0657",0.365324242509489
"merge.rmdup.WATDE0658",0.371541024714271
"merge.rmdup.WATDE0659",0.260402579948517
"merge.rmdup.WATDE0660",0.352448480274071
"merge.rmdup.WATDE0661",0.270473240006014
"merge.rmdup.WATDE0662",0.320501046317612
"merge.rmdup.WATDE0663",0.324652739734178
"merge.rmdup.WATDE0664",0.278962553961274
"merge.rmdup.WATDE0665",0.301611720240821
"merge.rmdup.WATDE0666",0.321350681208943
"merge.rmdup.WATDE0667",0.350250857670393
"merge.rmdup.WATDE0669",0.318346540990665
"merge.rmdup.WATDE0670",0.267035858941628
"merge.rmdup.WATDE0671",0.266997879607238
"merge.rmdup.WATDE0672",0.395684868375817
"merge.rmdup.WATDE0674",0.383048266382806
"merge.rmdup.WATDE0675",0.330997713619227
"merge.rmdup.WATDE0676",0.316200033787866
"merge.rmdup.WATDE0678",0.248380287024805
"merge.rmdup.WATDE0679",0.274202803288076
"merge.rmdup.WATDE0680",0.331520459935455
"merge.rmdup.WATDE0682",0.314038026606698
"merge.rmdup.WATDE0683",0.316311035291754
"merge.rmdup.WATDE0685",0.345501339333086
"merge.rmdup.WATDE0686",0.338171043705004
"merge.rmdup.WATDE0687",0.378506599591416
"merge.rmdup.WATDE0688",0.323849394194246
"merge.rmdup.WATDE0689",0.294453595445207
"merge.rmdup.WATDE0691",0.303049417272837
"merge.rmdup.WATDE0693",0.311809632001049
"merge.rmdup.WATDE0694",0.278405074965499
"merge.rmdup.WATDE0695",0.338280320839105
"merge.rmdup.WATDE0697",0.311712268494656
"merge.rmdup.WATDE0699",0.253893131660633
"merge.rmdup.WATDE0700",0.357235985420725
"merge.rmdup.WATDE0701",0.338848993434168
"merge.rmdup.WATDE0702",0.247065585528987
"merge.rmdup.WATDE0703",0.247182497258953
"merge.rmdup.WATDE0704",0.307720019152497
"merge.rmdup.WATDE0705",0.272449334189089
"merge.rmdup.WATDE0706",0.307934388232079
"merge.rmdup.WATDE0707",0.342742084448444
"merge.rmdup.WATDE0709",0.343731735668179
"merge.rmdup.WATDE0710",0.317665023067221
"merge.rmdup.WATDE0712",0.265879887061037
"merge.rmdup.WATDE0713",0.393975950224262
"merge.rmdup.WATDE0716",0.31566473048807
"merge.rmdup.WATDE0718",0.360723381017675
"merge.rmdup.WATDE0720",0.331894423791563
"merge.rmdup.WATDE0721",0.357070987540758
"merge.rmdup.WATDE0723",0.312691344805399
"merge.rmdup.WATDE0725",0.250666962952494
"merge.rmdup.WATDE0726",0.289128070829266
"merge.rmdup.WATDE0727",0.274283589479591
"merge.rmdup.WATDE0728",0.343026514155651
"merge.rmdup.WATDE0729",0.315325655088859
"merge.rmdup.WATDE0730",0.348335729935404
"merge.rmdup.WATDE0732",0.26127513197136
"merge.rmdup.WATDE0735",0.336807575233807
"merge.rmdup.WATDE0736",0.343917966839263
"merge.rmdup.WATDE0737",0.254820622847672
"merge.rmdup.WATDE0738",0.320987559593006
"merge.rmdup.WATDE0739",0.324841344230264
"merge.rmdup.WATDE0740",0.295639785683569
"merge.rmdup.WATDE0742",0.316729965768583
"merge.rmdup.WATDE0743",0.265507800933173
"merge.rmdup.WATDE0744",0.336507089691037
"merge.rmdup.WATDE0745",0.346627441017892
"merge.rmdup.WATDE0747",0.261635911014787
"merge.rmdup.WATDE0748",0.304543965128583
"merge.rmdup.WATDE0749",0.249465070475995
"merge.rmdup.WATDE0750",0.332763741748576
"merge.rmdup.WATDE0751",0.276205898503169
"merge.rmdup.WATDE0752",0.343560721483496
"merge.rmdup.WATDE0754",0.305995909117202
"merge.rmdup.WATDE0755",0.328094075289777
"merge.rmdup.WATDE0756",0.325385925827639
"merge.rmdup.WATDE0758",0.257768239358512
"merge.rmdup.WATDE0759",0.339248613409355
"merge.rmdup.WATDE0760",0.352816403724368
"merge.rmdup.WATDE0761",0.270123703281157
"merge.rmdup.WATDE0763",0.308697011440616
"merge.rmdup.WATDE0765",0.252582899590927
"merge.rmdup.WATDE0766",0.307374527710843
"merge.rmdup.WATDE0768",0.282521190497732
"merge.rmdup.WATDE0769",0.344349357758059
"merge.rmdup.WATDE0770",0.273202907676063
"merge.rmdup.WATDE0771",0.279093464272136
"merge.rmdup.WATDE0773",0.262457287139128
"merge.rmdup.WATDE0774",0.251674719611131
"merge.rmdup.WATDE0775",0.353057502197518
"merge.rmdup.WATDE0776",0.275563284521861
"merge.rmdup.WATDE0777",0.346082465357067
"merge.rmdup.WATDE0779",0.263954782465059
"merge.rmdup.WATDE0780",0.349801747999046
"merge.rmdup.WATDE0781",0.375682331332387
"merge.rmdup.WATDE0782",0.278760491513553
"merge.rmdup.WATDE0783",0.394119760115763
"merge.rmdup.WATDE0785",0.348620247005373
"merge.rmdup.WATDE0786",0.382621482669382
"merge.rmdup.WATDE0788",0.283691301052411
"merge.rmdup.WATDE0789",0.324552850357456
"merge.rmdup.WATDE0790",0.353743616673144
"merge.rmdup.WATDE0791",0.252893100908277
"merge.rmdup.WATDE0793",0.342966811352975
"merge.rmdup.WATDE0794",0.330834590833313
"merge.rmdup.WATDE0795",0.287048458838085
"merge.rmdup.WATDE0797",0.331856471024781
"merge.rmdup.WATDE0798",0.279843727425818
"merge.rmdup.WATDE0800",0.388209659016128
"merge.rmdup.WATDE0802",0.311391287161913
"merge.rmdup.WATDE0803",0.323227134677051
"merge.rmdup.WATDE0804",0.312515005055479
"merge.rmdup.WATDE0805",0.308453211881783
"merge.rmdup.WATDE0807",0.310558831770974
"merge.rmdup.WATDE0808",0.232902223144204
"merge.rmdup.WATDE0810",0.30404413920745
"merge.rmdup.WATDE0811",0.270391106108009
"merge.rmdup.WATDE0812",0.300017676700474
"merge.rmdup.WATDE0814",0.301462491584458
"merge.rmdup.WATDE0815",0.286946628985214
"merge.rmdup.WATDE0816",0.272025857868221
"merge.rmdup.WATDE0817",0.281000567660726
"merge.rmdup.WATDE0818",0.271751791137406
"merge.rmdup.WATDE0819",0.244345953623813
"merge.rmdup.WATDE0821",0.253187329907671
"merge.rmdup.WATDE0823",0.297173470227268
"merge.rmdup.WATDE0825",0.279704735514126
"merge.rmdup.WATDE0826",0.317905336677532
"merge.rmdup.WATDE0827",0.256719861727788
"merge.rmdup.WATDE0828",0.31581091662195
"merge.rmdup.WATDE0830",0.300825837813261
"merge.rmdup.WATDE0831",0.263959787258803
"merge.rmdup.WATDE0833",0.266912323433378
"merge.rmdup.WATDE0835",0.271708691432304
"merge.rmdup.WATDE0836",0.263275984023461
"merge.rmdup.WATDE0837",0.304517468037029
"merge.rmdup.WATDE0839",0.311126954679034
"merge.rmdup.WATDE0840",0.284838413824366
"merge.rmdup.WATDE0841",0.288039639950348
"merge.rmdup.WATDE0843",0.252822874090421
"merge.rmdup.WATDE0845",0.273508566705706
"merge.rmdup.WATDE0846",0.312053558047435
"merge.rmdup.WATDE0848",0.30511109614028
"merge.rmdup.WATDE0850",0.265441317991927
"merge.rmdup.WATDE0851",0.267323543064011
"merge.rmdup.WATDE0852",0.289230291051548
"merge.rmdup.WATDE0854",0.303664695757054
"merge.rmdup.WATDE0856",0.295275176187011
"merge.rmdup.WATDE0857",0.252426839524959
"merge.rmdup.WATDE0859",0.319799846493751
"merge.rmdup.WATDE0861",0.265066058177256
"merge.rmdup.WATDE0862",0.321699686457871
"merge.rmdup.WATDE0863",0.274583552728393
"merge.rmdup.WATDE0864",0.27682798550432
"merge.rmdup.WATDE0865",0.237561058629634
"merge.rmdup.WATDE0869",0.25383027228351
"merge.rmdup.WATDE0871",0.261297480060686
"merge.rmdup.WATDE0872",0.286370715283078
"merge.rmdup.WATDE0873",0.27126896358143
"merge.rmdup.WATDE0874",0.293731404943009
"merge.rmdup.WATDE0875",0.277712194160598
"merge.rmdup.WATDE0876",0.311332779849788
"merge.rmdup.WATDE0877",0.32324598505802
"merge.rmdup.WATDE0878",0.312668200237802
"merge.rmdup.WATDE0879",0.297951343168167
"merge.rmdup.WATDE0880",0.289694284513103
"merge.rmdup.WATDE0881",0.298061986630667
"merge.rmdup.WATDE0882",0.286968623177763
"merge.rmdup.WATDE0883",0.282277780391871
"merge.rmdup.WATDE0884",0.270601901770777
"merge.rmdup.WATDE0887",0.295299843656191
"merge.rmdup.WATDE0888",0.269606911302352
"merge.rmdup.WATDE0889",0.296477111235118
"merge.rmdup.WATDE0890",0.330784869220151
"merge.rmdup.WATDE0892",0.262135241995326
"merge.rmdup.WATDE0894",0.29476011618828
"merge.rmdup.WATDE0895",0.273169510200434
"merge.rmdup.WATDE0896",0.281900759764277
"merge.rmdup.WATDE0898",0.278255434254765
"merge.rmdup.WATDE0899",0.269844037913847
"merge.rmdup.WATDE0900",0.303031953505433
"merge.rmdup.WATDE0901",0.298974621138663
"merge.rmdup.WATDE0902",0.324052168311475
"merge.rmdup.WATDE0903",0.282639522229397
"merge.rmdup.WATDE0904",0.312521982983439
"merge.rmdup.WATDE0905",0.299874147999771
"merge.rmdup.WATDE0906",0.33957476414556
"merge.rmdup.WATDE0907",0.258574967635275
"merge.rmdup.WATDE0909",0.256595280616312
"merge.rmdup.WATDE0910",0.358287223181804
"merge.rmdup.WATDE0911",0.289240437650759
"merge.rmdup.WATDE0912",0.356206334325015
"merge.rmdup.WATDE0913",0.296368217411119
"merge.rmdup.WATDE0914",0.342270350776309
"merge.rmdup.WATDE0915",0.365006092846926
"merge.rmdup.WATDE0916",0.314139592422292
"merge.rmdup.WATDE0917",0.302285593681795
"merge.rmdup.WATDE0918",0.305746754635237
"merge.rmdup.WATDE0919",0.279210884640625
"merge.rmdup.WATDE0920",0.352628369041944
"merge.rmdup.WATDE0922",0.312556900856498
"merge.rmdup.WATDE0923",0.330804009886713
"merge.rmdup.WATDE0924",0.317357747070154
"merge.rmdup.WATDE0926",0.311625750528283
"merge.rmdup.WATDE0927",0.298690509998145
"merge.rmdup.WATDE0928",0.297830620934731
"merge.rmdup.WATDE0929",0.266355526989382
"merge.rmdup.WATDE0930",0.281708957790802
"merge.rmdup.WATDE0932",0.271774255599908
"merge.rmdup.WATDE0933",0.273906273730589
"merge.rmdup.WATDE0934",0.26472662705868
"merge.rmdup.WATDE0935",0.275076278897092
"merge.rmdup.WATDE0937",0.26302735118091
"merge.rmdup.WATDE0938",0.259866396103585
"merge.rmdup.WATDE0939",0.284187470652618
"merge.rmdup.WATDE0941",0.321388963718782
"merge.rmdup.WATDE0944",0.35777760863501
"merge.rmdup.WATDE0945",0.340412644559105
"merge.rmdup.WATDE0947",0.291351543614402
"merge.rmdup.WATDE0950",0.254321313187189
"merge.rmdup.WATDE0951",0.278022333150561
"merge.rmdup.WATDE0952",0.279345980311753
"merge.rmdup.WATDE0953",0.296413154727673
"merge.rmdup.WATDE0954",0.267551576012176
"merge.rmdup.WATDE0955",0.307392946402557
"merge.rmdup.WATDE0957",0.349087176746608
"merge.rmdup.WATDE0958",0.344388844540492
"merge.rmdup.WATDE0961",0.278680096190742
"merge.rmdup.WATDE0963",0.286317450588348
"merge.rmdup.WATDE0965",0.305551220366571
"merge.rmdup.WATDE0966",0.319373612107045
"merge.rmdup.WATDE0967",0.322416156882641
"merge.rmdup.WATDE0969",0.309603805561912
"merge.rmdup.WATDE0970",0.325273505801085
"merge.rmdup.WATDE0971",0.250245532452344
"merge.rmdup.WATDE0973",0.279843458345863
"merge.rmdup.WATDE0974",0.42065551498257
"merge.rmdup.WATDE0975",0.403256007588497
"merge.rmdup.WATDE0977",0.365587128536225
"merge.rmdup.WATDE0978",0.352305225123911
"merge.rmdup.WATDE0979",0.385837139870065
"merge.rmdup.WATDE0981",0.384929297212479
"merge.rmdup.WATDE0982",0.378009026506309
"merge.rmdup.WATDE0983",0.397368044404637
"merge.rmdup.WATDE0984",0.268276569009305
"merge.rmdup.WATDE0986",0.269964990975938
"merge.rmdup.WATDE0987",0.363234506965674
"merge.rmdup.WATDE0989",0.286975624549331
"merge.rmdup.WATDE0991",0.263502797269475
"merge.rmdup.WATDE0993",0.262544574376203
"merge.rmdup.WATDE0995",0.361201872288942
"merge.rmdup.WATDE0996",0.31186752285561
"merge.rmdup.WATDE0997",0.347945876826813
"merge.rmdup.WATDE0999",0.394811439426503
"merge.rmdup.WATDE1001",0.327129719297628
"merge.rmdup.WATDE1002",0.360625396672622
"merge.rmdup.WATDE1003",0.40237082854119
"merge.rmdup.WATDE1004",0.35574616540111
"merge.rmdup.WATDE1005",0.348129684281868
"merge.rmdup.WATDE1008",0.365594581261662
"merge.rmdup.WATDE1009",0.370034828297378
"merge.rmdup.WATDE1010",0.357683735790469
"merge.rmdup.WATDE1012",0.286527675484076
"merge.rmdup.WATDE1014",0.32991338710127
"merge.rmdup.WATDE1016",0.336896412379769
"merge.rmdup.WATDE1017",0.401273152749457
"merge.rmdup.WATDE1018",0.388901379977827
"merge.rmdup.WATDE1019",0.34591095587147
"merge.rmdup.WATDE1021",0.313122751605148
"merge.rmdup.WATDE1023",0.343697745440176
"merge.rmdup.WATDE1025",0.269419778958839
"merge.rmdup.WATDE1026",0.28802169097956
"merge.rmdup.WATDE1027",0.317936299924172
"merge.rmdup.WATDE1029",0.367744710502003
"merge.rmdup.WATDE1031",0.378052842803431
"merge.rmdup.WATDE1032",0.396448821782504
"merge.rmdup.WATDE1034",0.368911089717163
"merge.rmdup.WATDE1035",0.375384584864541
"merge.rmdup.WATDE1037",0.385397206387726
"merge.rmdup.WATDE1038",0.371255617734107
"merge.rmdup.WATDE1040",0.356720763675142
"merge.rmdup.WATDE1042",0.316893200879636
"merge.rmdup.WATDE1044",0.347150759117759
"merge.rmdup.WATDE1046",0.352198691297449
"merge.rmdup.WATDE1048",0.378457893354458
"merge.rmdup.WATDE1049",0.35207622053141
"merge.rmdup.WATDE1050",0.350315705563367
"merge.rmdup.WATDE1051",0.28045631116608
"merge.rmdup.WATDE1052",0.257008920687133
"merge.rmdup.WATDE1053",0.356087322279593
"merge.rmdup.WATDE1055",0.300466489744701
"merge.rmdup.WATDE1056",0.354803985266155
"merge.rmdup.WATDE1058",0.358666135863747
"merge.rmdup.WATDE1060",0.278837496059121
"merge.rmdup.WATDE1061",0.353086718536654
"merge.rmdup.WATDE1062",0.357836085578614
